id,year,round,date,time,grandPrixId,officialName,qualifyingFormat,sprintQualifyingFormat,circuitId,circuitLayoutId,circuitType,direction,courseLength,turns,laps,distance,scheduledLaps,scheduledDistance,driversChampionshipDecider,constructorsChampionshipDecider,preQualifyingDate,preQualifyingTime,freePractice1Date,freePractice1Time,freePractice2Date,freePractice2Time,freePractice3Date,freePractice3Time,freePractice4Date,freePractice4Time,qualifying1Date,qualifying1Time,qualifying2Date,qualifying2Time,qualifyingDate,qualifyingTime,sprintQualifyingDate,sprintQualifyingTime,sprintRaceDate,sprintRaceTime,sprintRaceLaps,sprintRaceDistance,sprintRaceScheduledLaps,sprintRaceScheduledDistance,warmingUpDate,warmingUpTime
898,2014,1,2014-03-16,,australia,2014 Formula 1 Rolex Australian Grand Prix,KNOCKOUT,,melbourne,melbourne-1,STREET,CLOCKWISE,5.303,16,57,302.271,58.0,307.574,False,False,,,,,,,,,,,,,,,,,,,,,,,,,,
899,2014,2,2014-03-30,,malaysia,2014 Formula 1 Petronas Malaysia Grand Prix,KNOCKOUT,,sepang,sepang-1,RACE,CLOCKWISE,5.543,15,56,310.408,,,False,False,,,,,,,,,,,,,,,,,,,,,,,,,,
900,2014,3,2014-04-06,,bahrain,2014 Formula 1 Gulf Air Bahrain Grand Prix,KNOCKOUT,,bahrain,bahrain-1,RACE,CLOCKWISE,5.412,15,57,308.238,,,False,False,,,,,,,,,,,,,,,,,,,,,,,,,,
901,2014,4,2014-04-20,,china,2014 Formula 1 UBS Chinese Grand Prix,KNOCKOUT,,shanghai,shanghai-1,RACE,CLOCKWISE,5.451,16,54,294.164,56.0,305.066,False,False,,,,,,,,,,,,,,,,,,,,,,,,,,
902,2014,5,2014-05-11,,spain,Formula 1 Gran Premio de España Pirelli 2014,KNOCKOUT,,catalunya,catalunya-4,RACE,CLOCKWISE,4.655,16,66,307.104,,,False,False,,,,,,,,,,,,,,,,,,,,,,,,,,
903,2014,6,2014-05-25,,monaco,Formula 1 Grand Prix de Monaco 2014,KNOCKOUT,,monaco,monaco-6,STREET,CLOCKWISE,3.34,19,78,260.52,,,False,False,,,,,,,,,,,,,,,,,,,,,,,,,,
904,2014,7,2014-06-08,,canada,Formula 1 Grand Prix du Canada 2014,KNOCKOUT,,montreal,montreal-6,STREET,CLOCKWISE,4.361,14,70,305.27,,,False,False,,,,,,,,,,,,,,,,,,,,,,,,,,
905,2014,8,2014-06-22,,austria,Formula 1 DHL Grosser Preis Von Österreich 2014,KNOCKOUT,,spielberg,spielberg-3,RACE,CLOCKWISE,4.326,10,71,307.146,,,False,False,,,,,,,,,,,,,,,,,,,,,,,,,,
906,2014,9,2014-07-06,,great-britain,2014 Formula 1 Santander British Grand Prix,KNOCKOUT,,silverstone,silverstone-8,RACE,CLOCKWISE,5.891,18,52,306.198,,,False,False,,,,,,,,,,,,,,,,,,,,,,,,,,
907,2014,10,2014-07-20,,germany,Formula 1 Grosser Preis Santander von Deutschland 2014,KNOCKOUT,,hockenheimring,hockenheimring-4,RACE,CLOCKWISE,4.574,17,67,306.458,,,False,False,,,,,,,,,,,,,,,,,,,,,,,,,,
908,2014,11,2014-07-27,,hungary,Formula 1 Pirelli Magyar Nagydíj 2014,KNOCKOUT,,hungaroring,hungaroring-3,RACE,CLOCKWISE,4.381,14,70,306.63,,,False,False,,,,,,,,,,,,,,,,,,,,,,,,,,
909,2014,12,2014-08-24,,belgium,2014 Formula 1 Shell Belgian Grand Prix,KNOCKOUT,,spa-francorchamps,spa-francorchamps-4,RACE,CLOCKWISE,7.004,19,44,308.052,,,False,False,,,,,,,,,,,,,,,,,,,,,,,,,,
910,2014,13,2014-09-07,,italy,Formula 1 Gran Premio d'Italia 2014,KNOCKOUT,,monza,monza-7,RACE,CLOCKWISE,5.793,11,53,306.72,,,False,False,,,,,,,,,,,,,,,,,,,,,,,,,,
911,2014,14,2014-09-21,,singapore,2014 Formula 1 Singapore Airlines Singapore Grand Prix,KNOCKOUT,,marina-bay,marina-bay-2,STREET,ANTI_CLOCKWISE,5.065,23,60,303.763,61.0,308.828,False,False,,,,,,,,,,,,,,,,,,,,,,,,,,
912,2014,15,2014-10-05,,japan,2014 Formula 1 Japanese Grand Prix,KNOCKOUT,,suzuka,suzuka-2,RACE,CLOCKWISE,5.807,18,44,255.208,53.0,307.471,False,False,,,,,,,,,,,,,,,,,,,,,,,,,,
913,2014,16,2014-10-12,,russia,2014 Formula 1 Russian Grand Prix,KNOCKOUT,,sochi,sochi-1,ROAD,CLOCKWISE,5.848,18,53,309.745,,,False,True,,,,,,,,,,,,,,,,,,,,,,,,,,
914,2014,17,2014-11-02,,united-states,2014 Formula 1 United States Grand Prix,KNOCKOUT,,austin,austin-1,RACE,ANTI_CLOCKWISE,5.513,20,56,308.405,,,False,False,,,,,,,,,,,,,,,,,,,,,,,,,,
915,2014,18,2014-11-09,,brazil,Formula 1 Grande Prêmio Petrobras do Brasil 2014,KNOCKOUT,,interlagos,interlagos-2,RACE,ANTI_CLOCKWISE,4.309,15,71,305.909,,,False,False,,,,,,,,,,,,,,,,,,,,,,,,,,
916,2014,19,2014-11-23,,abu-dhabi,2014 Formula 1 Etihad Airways Abu Dhabi Grand Prix,KNOCKOUT,,yas-marina,yas-marina-1,RACE,ANTI_CLOCKWISE,5.554,21,55,305.355,,,True,False,,,,,,,,,,,,,,,,,,,,,,,,,,
917,2015,1,2015-03-15,,australia,2015 Formula 1 Rolex Australian Grand Prix,KNOCKOUT,,melbourne,melbourne-1,STREET,CLOCKWISE,5.303,16,58,307.574,,,False,False,,,,,,,,,,,,,,,,,,,,,,,,,,
918,2015,2,2015-03-29,,malaysia,2015 Formula 1 Petronas Malaysia Grand Prix,KNOCKOUT,,sepang,sepang-1,RACE,CLOCKWISE,5.543,15,56,310.408,,,False,False,,,,,,,,,,,,,,,,,,,,,,,,,,
919,2015,3,2015-04-12,,china,2015 Formula 1 Chinese Grand Prix,KNOCKOUT,,shanghai,shanghai-1,RACE,CLOCKWISE,5.451,16,56,305.066,,,False,False,,,,,,,,,,,,,,,,,,,,,,,,,,
920,2015,4,2015-04-19,,bahrain,2015 Formula 1 Gulf Air Bahrain Grand Prix,KNOCKOUT,,bahrain,bahrain-1,RACE,CLOCKWISE,5.412,15,57,308.238,,,False,False,,,,,,,,,,,,,,,,,,,,,,,,,,
921,2015,5,2015-05-10,,spain,Formula 1 Gran Premio de España Pirelli 2015,KNOCKOUT,,catalunya,catalunya-4,RACE,CLOCKWISE,4.655,16,66,307.104,,,False,False,,,,,,,,,,,,,,,,,,,,,,,,,,
922,2015,6,2015-05-24,,monaco,Formula 1 Grand Prix de Monaco 2015,KNOCKOUT,,monaco,monaco-6,STREET,CLOCKWISE,3.337,19,78,260.286,,,False,False,,,,,,,,,,,,,,,,,,,,,,,,,,
923,2015,7,2015-06-07,,canada,Formula 1 Grand Prix du Canada 2015,KNOCKOUT,,montreal,montreal-6,STREET,CLOCKWISE,4.361,14,70,305.27,,,False,False,,,,,,,,,,,,,,,,,,,,,,,,,,
924,2015,8,2015-06-21,,austria,Formula 1 Rolex Grosser Preis von Österreich 2015,KNOCKOUT,,spielberg,spielberg-3,RACE,CLOCKWISE,4.326,10,71,307.146,,,False,False,,,,,,,,,,,,,,,,,,,,,,,,,,
925,2015,9,2015-07-05,,great-britain,2015 Formula 1 British Grand Prix,KNOCKOUT,,silverstone,silverstone-8,RACE,CLOCKWISE,5.891,18,52,306.198,,,False,False,,,,,,,,,,,,,,,,,,,,,,,,,,
926,2015,10,2015-07-26,,hungary,Formula 1 Pirelli Magyar Nagydíj 2015,KNOCKOUT,,hungaroring,hungaroring-3,RACE,CLOCKWISE,4.381,14,69,302.249,70.0,306.63,False,False,,,,,,,,,,,,,,,,,,,,,,,,,,
927,2015,11,2015-08-23,,belgium,2015 Formula 1 Shell Belgian Grand Prix,KNOCKOUT,,spa-francorchamps,spa-francorchamps-4,RACE,CLOCKWISE,7.004,19,43,301.048,44.0,308.052,False,False,,,,,,,,,,,,,,,,,,,,,,,,,,
928,2015,12,2015-09-06,,italy,Formula 1 Gran Premio d'Italia 2015,KNOCKOUT,,monza,monza-7,RACE,CLOCKWISE,5.793,11,53,306.72,,,False,False,,,,,,,,,,,,,,,,,,,,,,,,,,
929,2015,13,2015-09-20,,singapore,2015 Formula 1 Singapore Airlines Singapore Grand Prix,KNOCKOUT,,marina-bay,marina-bay-3,STREET,ANTI_CLOCKWISE,5.065,23,61,308.828,,,False,False,,,,,,,,,,,,,,,,,,,,,,,,,,
930,2015,14,2015-09-27,,japan,2015 Formula 1 Japanese Grand Prix,KNOCKOUT,,suzuka,suzuka-2,RACE,CLOCKWISE,5.807,18,53,307.471,,,False,False,,,,,,,,,,,,,,,,,,,,,,,,,,
931,2015,15,2015-10-11,,russia,2015 Formula 1 Russian Grand Prix,KNOCKOUT,,sochi,sochi-1,ROAD,CLOCKWISE,5.848,18,53,309.745,,,False,True,,,,,,,,,,,,,,,,,,,,,,,,,,
932,2015,16,2015-10-25,,united-states,2015 Formula 1 United States Grand Prix,KNOCKOUT,,austin,austin-1,RACE,ANTI_CLOCKWISE,5.513,20,56,308.405,,,True,False,,,,,,,,,,,,,,,,,,,,,,,,,,
933,2015,17,2015-11-01,,mexico,Formula 1 Gran Premio de México 2015,KNOCKOUT,,mexico-city,mexico-city-3,RACE,CLOCKWISE,4.304,17,71,305.354,,,False,False,,,,,,,,,,,,,,,,,,,,,,,,,,
934,2015,18,2015-11-15,,brazil,Formula 1 Grande Prêmio Petrobras do Brasil 2015,KNOCKOUT,,interlagos,interlagos-2,RACE,ANTI_CLOCKWISE,4.309,15,71,305.909,,,False,False,,,,,,,,,,,,,,,,,,,,,,,,,,
935,2015,19,2015-11-29,,abu-dhabi,2015 Formula 1 Etihad Airways Abu Dhabi Grand Prix,KNOCKOUT,,yas-marina,yas-marina-1,RACE,ANTI_CLOCKWISE,5.554,21,55,305.355,,,False,False,,,,,,,,,,,,,,,,,,,,,,,,,,
936,2016,1,2016-03-20,,australia,2016 Formula 1 Rolex Australian Grand Prix,ELIMINATION,,melbourne,melbourne-1,STREET,CLOCKWISE,5.303,16,57,302.271,58.0,307.574,False,False,,,,,,,,,,,,,,,,,,,,,,,,,,
937,2016,2,2016-04-03,,bahrain,2016 Formula 1 Gulf Air Bahrain Grand Prix,ELIMINATION,,bahrain,bahrain-1,RACE,CLOCKWISE,5.412,15,57,308.238,,,False,False,,,,,,,,,,,,,,,,,,,,,,,,,,
938,2016,3,2016-04-17,,china,2016 Formula 1 Pirelli Chinese Grand Prix,KNOCKOUT,,shanghai,shanghai-1,RACE,CLOCKWISE,5.451,16,56,305.066,,,False,False,,,,,,,,,,,,,,,,,,,,,,,,,,
939,2016,4,2016-05-01,,russia,2016 Formula 1 Russian Grand Prix,KNOCKOUT,,sochi,sochi-1,ROAD,CLOCKWISE,5.848,18,53,309.745,,,False,False,,,,,,,,,,,,,,,,,,,,,,,,,,
940,2016,5,2016-05-15,,spain,Formula 1 Gran Premio de España Pirelli 2016,KNOCKOUT,,catalunya,catalunya-4,RACE,CLOCKWISE,4.655,16,66,307.104,,,False,False,,,,,,,,,,,,,,,,,,,,,,,,,,
941,2016,6,2016-05-29,,monaco,Formula 1 Grand Prix de Monaco 2016,KNOCKOUT,,monaco,monaco-6,STREET,CLOCKWISE,3.337,19,78,260.286,,,False,False,,,,,,,,,,,,,,,,,,,,,,,,,,
942,2016,7,2016-06-12,,canada,Formula 1 Grand Prix du Canada 2016,KNOCKOUT,,montreal,montreal-6,STREET,CLOCKWISE,4.361,14,70,305.27,,,False,False,,,,,,,,,,,,,,,,,,,,,,,,,,
943,2016,8,2016-06-19,,europe,Formula 1 Rolex Grand Prix of Europe 2016,KNOCKOUT,,baku,baku-1,STREET,ANTI_CLOCKWISE,6.003,20,51,306.153,,,False,False,,,,,,,,,,,,,,,,,,,,,,,,,,
944,2016,9,2016-07-03,,austria,Formula 1 Pirelli Grosser Preis von Österreich 2016,KNOCKOUT,,spielberg,spielberg-3,RACE,CLOCKWISE,4.326,10,71,307.146,,,False,False,,,,,,,,,,,,,,,,,,,,,,,,,,
945,2016,10,2016-07-10,,great-britain,2016 Formula 1 British Grand Prix,KNOCKOUT,,silverstone,silverstone-8,RACE,CLOCKWISE,5.891,18,52,306.198,,,False,False,,,,,,,,,,,,,,,,,,,,,,,,,,
946,2016,11,2016-07-24,,hungary,Formula 1 Magyar Nagydíj 2016,KNOCKOUT,,hungaroring,hungaroring-3,RACE,CLOCKWISE,4.381,14,70,306.63,,,False,False,,,,,,,,,,,,,,,,,,,,,,,,,,
947,2016,12,2016-07-31,,germany,Formula 1 Grosser Preis von Deutschland 2016,KNOCKOUT,,hockenheimring,hockenheimring-4,RACE,CLOCKWISE,4.574,17,67,306.458,,,False,False,,,,,,,,,,,,,,,,,,,,,,,,,,
948,2016,13,2016-08-28,,belgium,2016 Formula 1 Belgian Grand Prix,KNOCKOUT,,spa-francorchamps,spa-francorchamps-4,RACE,CLOCKWISE,7.004,19,44,308.052,,,False,False,,,,,,,,,,,,,,,,,,,,,,,,,,
949,2016,14,2016-09-04,,italy,Formula 1 Gran Premio Heineken d'Italia 2016,KNOCKOUT,,monza,monza-7,RACE,CLOCKWISE,5.793,11,53,306.72,,,False,False,,,,,,,,,,,,,,,,,,,,,,,,,,
950,2016,15,2016-09-18,,singapore,2016 Formula 1 Singapore Airlines Singapore Grand Prix,KNOCKOUT,,marina-bay,marina-bay-3,STREET,ANTI_CLOCKWISE,5.065,23,61,308.828,,,False,False,,,,,,,,,,,,,,,,,,,,,,,,,,
951,2016,16,2016-10-02,,malaysia,2016 Formula 1 Petronas Malaysia Grand Prix,KNOCKOUT,,sepang,sepang-1,RACE,CLOCKWISE,5.543,15,56,310.408,,,False,False,,,,,,,,,,,,,,,,,,,,,,,,,,
952,2016,17,2016-10-09,,japan,2016 Formula 1 Emirates Japanese Grand Prix,KNOCKOUT,,suzuka,suzuka-2,RACE,CLOCKWISE,5.807,18,53,307.471,,,False,True,,,,,,,,,,,,,,,,,,,,,,,,,,
953,2016,18,2016-10-23,,united-states,2016 Formula 1 United States Grand Prix,KNOCKOUT,,austin,austin-1,RACE,ANTI_CLOCKWISE,5.513,20,56,308.405,,,False,False,,,,,,,,,,,,,,,,,,,,,,,,,,
954,2016,19,2016-10-30,,mexico,Formula 1 Gran Premio de México 2016,KNOCKOUT,,mexico-city,mexico-city-3,RACE,CLOCKWISE,4.304,17,71,305.354,,,False,False,,,,,,,,,,,,,,,,,,,,,,,,,,
955,2016,20,2016-11-13,,brazil,Formula 1 Grande Prêmio do Brasil 2016,KNOCKOUT,,interlagos,interlagos-2,RACE,ANTI_CLOCKWISE,4.309,15,71,305.909,,,False,False,,,,,,,,,,,,,,,,,,,,,,,,,,
956,2016,21,2016-11-27,,abu-dhabi,2016 Formula 1 Etihad Airways Abu Dhabi Grand Prix,KNOCKOUT,,yas-marina,yas-marina-1,RACE,ANTI_CLOCKWISE,5.554,21,55,305.355,,,True,False,,,,,,,,,,,,,,,,,,,,,,,,,,
957,2017,1,2017-03-26,,australia,2017 Formula 1 Rolex Australian Grand Prix,KNOCKOUT,,melbourne,melbourne-1,STREET,CLOCKWISE,5.303,16,57,302.271,58.0,307.574,False,False,,,,,,,,,,,,,,,,,,,,,,,,,,
958,2017,2,2017-04-09,,china,2017 Formula 1 Heineken Chinese Grand Prix,KNOCKOUT,,shanghai,shanghai-1,RACE,CLOCKWISE,5.451,16,56,305.066,,,False,False,,,,,,,,,,,,,,,,,,,,,,,,,,
959,2017,3,2017-04-16,,bahrain,2017 Formula 1 Gulf Air Bahrain Grand Prix,KNOCKOUT,,bahrain,bahrain-1,RACE,CLOCKWISE,5.412,15,57,308.238,,,False,False,,,,,,,,,,,,,,,,,,,,,,,,,,
960,2017,4,2017-04-30,,russia,2017 Formula 1 VTB Russian Grand Prix,KNOCKOUT,,sochi,sochi-1,ROAD,CLOCKWISE,5.848,18,52,303.897,53.0,309.745,False,False,,,,,,,,,,,,,,,,,,,,,,,,,,
961,2017,5,2017-05-14,,spain,Formula 1 Gran Premio de España Pirelli 2017,KNOCKOUT,,catalunya,catalunya-4,RACE,CLOCKWISE,4.655,16,66,307.104,,,False,False,,,,,,,,,,,,,,,,,,,,,,,,,,
962,2017,6,2017-05-28,,monaco,Formula 1 Grand Prix de Monaco 2017,KNOCKOUT,,monaco,monaco-6,STREET,CLOCKWISE,3.337,19,78,260.286,,,False,False,,,,,,,,,,,,,,,,,,,,,,,,,,
963,2017,7,2017-06-11,,canada,Formula 1 Grand Prix du Canada 2017,KNOCKOUT,,montreal,montreal-6,STREET,CLOCKWISE,4.361,14,70,305.27,,,False,False,,,,,,,,,,,,,,,,,,,,,,,,,,
964,2017,8,2017-06-25,,azerbaijan,Formula 1 FlyEmirates Azerbaijan Grand Prix 2017,KNOCKOUT,,baku,baku-1,STREET,ANTI_CLOCKWISE,6.003,20,51,306.049,,,False,False,,,,,,,,,,,,,,,,,,,,,,,,,,
965,2017,9,2017-07-09,,austria,Formula 1 FlyEmirates Grosser Preis von Österreich 2017,KNOCKOUT,,spielberg,spielberg-3,RACE,CLOCKWISE,4.318,10,71,306.452,,,False,False,,,,,,,,,,,,,,,,,,,,,,,,,,
966,2017,10,2017-07-16,,great-britain,2017 Formula 1 Rolex British Grand Prix,KNOCKOUT,,silverstone,silverstone-8,RACE,CLOCKWISE,5.891,18,51,300.307,52.0,306.198,False,False,,,,,,,,,,,,,,,,,,,,,,,,,,
967,2017,11,2017-07-30,,hungary,Formula 1 Pirelli Magyar Nagydíj 2017,KNOCKOUT,,hungaroring,hungaroring-3,RACE,CLOCKWISE,4.381,14,70,306.63,,,False,False,,,,,,,,,,,,,,,,,,,,,,,,,,
968,2017,12,2017-08-27,,belgium,2017 Formula 1 Pirelli Belgian Grand Prix,KNOCKOUT,,spa-francorchamps,spa-francorchamps-4,RACE,CLOCKWISE,7.004,19,44,308.052,,,False,False,,,,,,,,,,,,,,,,,,,,,,,,,,
969,2017,13,2017-09-03,,italy,Formula 1 Gran Premio Heineken d'Italia 2017,KNOCKOUT,,monza,monza-7,RACE,CLOCKWISE,5.793,11,53,306.72,,,False,False,,,,,,,,,,,,,,,,,,,,,,,,,,
970,2017,14,2017-09-17,,singapore,2017 Formula 1 Singapore Airlines Singapore Grand Prix,KNOCKOUT,,marina-bay,marina-bay-3,STREET,ANTI_CLOCKWISE,5.065,23,58,293.633,61.0,308.828,False,False,,,,,,,,,,,,,,,,,,,,,,,,,,
971,2017,15,2017-10-01,,malaysia,2017 Formula 1 Petronas Malaysia Grand Prix,KNOCKOUT,,sepang,sepang-1,RACE,CLOCKWISE,5.543,15,56,310.408,,,False,False,,,,,,,,,,,,,,,,,,,,,,,,,,
972,2017,16,2017-10-08,,japan,2017 Formula 1 Japanese Grand Prix,KNOCKOUT,,suzuka,suzuka-2,RACE,CLOCKWISE,5.807,18,53,307.471,,,False,False,,,,,,,,,,,,,,,,,,,,,,,,,,
973,2017,17,2017-10-22,,united-states,2017 Formula 1 United States Grand Prix,KNOCKOUT,,austin,austin-1,RACE,ANTI_CLOCKWISE,5.513,20,56,308.405,,,False,True,,,,,,,,,,,,,,,,,,,,,,,,,,
974,2017,18,2017-10-29,,mexico,Formula 1 Gran Premio de México 2017,KNOCKOUT,,mexico-city,mexico-city-3,RACE,CLOCKWISE,4.304,17,71,305.354,,,True,False,,,,,,,,,,,,,,,,,,,,,,,,,,
975,2017,19,2017-11-12,,brazil,Formula 1 Grande Prêmio Heineken do Brasil 2017,KNOCKOUT,,interlagos,interlagos-2,RACE,ANTI_CLOCKWISE,4.309,15,71,305.909,,,False,False,,,,,,,,,,,,,,,,,,,,,,,,,,
976,2017,20,2017-11-26,,abu-dhabi,2017 Formula 1 Etihad Airways Abu Dhabi Grand Prix,KNOCKOUT,,yas-marina,yas-marina-1,RACE,ANTI_CLOCKWISE,5.554,21,55,305.355,,,False,False,,,,,,,,,,,,,,,,,,,,,,,,,,
977,2018,1,2018-03-25,,australia,Formula 1 2018 Rolex Australian Grand Prix,KNOCKOUT,,melbourne,melbourne-1,STREET,CLOCKWISE,5.303,16,58,307.574,,,False,False,,,,,,,,,,,,,,,,,,,,,,,,,,
978,2018,2,2018-04-08,,bahrain,Formula 1 2018 Gulf Air Bahrain Grand Prix,KNOCKOUT,,bahrain,bahrain-1,RACE,CLOCKWISE,5.412,15,57,308.238,,,False,False,,,,,,,,,,,,,,,,,,,,,,,,,,
979,2018,3,2018-04-15,,china,Formula 1 2018 Heineken Chinese Grand Prix,KNOCKOUT,,shanghai,shanghai-1,RACE,CLOCKWISE,5.451,16,56,305.066,,,False,False,,,,,,,,,,,,,,,,,,,,,,,,,,
980,2018,4,2018-04-29,,azerbaijan,Formula 1 2018 Rolex Azerbaijan Grand Prix,KNOCKOUT,,baku,baku-1,STREET,ANTI_CLOCKWISE,6.003,20,51,306.049,,,False,False,,,,,,,,,,,,,,,,,,,,,,,,,,
981,2018,5,2018-05-13,,spain,Formula 1 Gran Premio de España Emirates 2018,KNOCKOUT,,catalunya,catalunya-4,RACE,CLOCKWISE,4.655,16,66,307.104,,,False,False,,,,,,,,,,,,,,,,,,,,,,,,,,
982,2018,6,2018-05-27,,monaco,Formula 1 Grand Prix de Monaco 2018,KNOCKOUT,,monaco,monaco-6,STREET,CLOCKWISE,3.337,19,78,260.286,,,False,False,,,,,,,,,,,,,,,,,,,,,,,,,,
983,2018,7,2018-06-10,,canada,Formula 1 Grand Prix Heineken du Canada 2018,KNOCKOUT,,montreal,montreal-6,STREET,CLOCKWISE,4.361,14,68,296.548,70.0,305.27,False,False,,,,,,,,,,,,,,,,,,,,,,,,,,
984,2018,8,2018-06-24,,france,Formula 1 Pirelli Grand Prix de France 2018,KNOCKOUT,,paul-ricard,paul-ricard-3,RACE,CLOCKWISE,5.842,15,53,309.69,,,False,False,,,,,,,,,,,,,,,,,,,,,,,,,,
985,2018,9,2018-07-01,,austria,Formula 1 Eyetime Grosser Preis von Österreich 2018,KNOCKOUT,,spielberg,spielberg-3,RACE,CLOCKWISE,4.318,10,71,306.452,,,False,False,,,,,,,,,,,,,,,,,,,,,,,,,,
986,2018,10,2018-07-08,,great-britain,Formula 1 2018 Rolex British Grand Prix,KNOCKOUT,,silverstone,silverstone-8,RACE,CLOCKWISE,5.891,18,52,306.198,,,False,False,,,,,,,,,,,,,,,,,,,,,,,,,,
987,2018,11,2018-07-22,,germany,Formula 1 Emirates Grosser Preis von Deutschland 2018,KNOCKOUT,,hockenheimring,hockenheimring-4,RACE,CLOCKWISE,4.574,17,67,306.458,,,False,False,,,,,,,,,,,,,,,,,,,,,,,,,,
988,2018,12,2018-07-29,,hungary,Formula 1 Rolex Magyar Nagydíj 2018,KNOCKOUT,,hungaroring,hungaroring-3,RACE,CLOCKWISE,4.381,14,70,306.63,,,False,False,,,,,,,,,,,,,,,,,,,,,,,,,,
989,2018,13,2018-08-26,,belgium,Formula 1 2018 Johnnie Walker Belgian Grand Prix,KNOCKOUT,,spa-francorchamps,spa-francorchamps-4,RACE,CLOCKWISE,7.004,19,44,308.052,,,False,False,,,,,,,,,,,,,,,,,,,,,,,,,,
990,2018,14,2018-09-02,,italy,Formula 1 Gran Premio Heineken d'Italia 2018,KNOCKOUT,,monza,monza-7,RACE,CLOCKWISE,5.793,11,53,306.72,,,False,False,,,,,,,,,,,,,,,,,,,,,,,,,,
991,2018,15,2018-09-16,,singapore,Formula 1 2018 Singapore Airlines Singapore Grand Prix,KNOCKOUT,,marina-bay,marina-bay-3,STREET,ANTI_CLOCKWISE,5.063,23,61,308.706,,,False,False,,,,,,,,,,,,,,,,,,,,,,,,,,
992,2018,16,2018-09-30,,russia,Formula 1 2018 VTB Russian Grand Prix,KNOCKOUT,,sochi,sochi-1,ROAD,CLOCKWISE,5.848,18,53,309.745,,,False,False,,,,,,,,,,,,,,,,,,,,,,,,,,
993,2018,17,2018-10-07,,japan,Formula 1 2018 Honda Japanese Grand Prix,KNOCKOUT,,suzuka,suzuka-2,RACE,CLOCKWISE,5.807,18,53,307.471,,,False,False,,,,,,,,,,,,,,,,,,,,,,,,,,
994,2018,18,2018-10-21,,united-states,Formula 1 Pirelli 2018 United States Grand Prix,KNOCKOUT,,austin,austin-1,RACE,ANTI_CLOCKWISE,5.513,20,56,308.405,,,False,False,,,,,,,,,,,,,,,,,,,,,,,,,,
995,2018,19,2018-10-28,,mexico,Formula 1 Gran Premio de México 2018,KNOCKOUT,,mexico-city,mexico-city-3,RACE,CLOCKWISE,4.304,17,71,305.354,,,True,False,,,,,,,,,,,,,,,,,,,,,,,,,,
996,2018,20,2018-11-11,,brazil,Formula 1 Grande Prêmio Heineken do Brasil 2018,KNOCKOUT,,interlagos,interlagos-2,RACE,ANTI_CLOCKWISE,4.309,15,71,305.909,,,False,True,,,,,,,,,,,,,,,,,,,,,,,,,,
997,2018,21,2018-11-25,,abu-dhabi,Formula 1 2018 Etihad Airways Abu Dhabi Grand Prix,KNOCKOUT,,yas-marina,yas-marina-1,RACE,ANTI_CLOCKWISE,5.554,21,55,305.355,,,False,False,,,,,,,,,,,,,,,,,,,,,,,,,,
998,2019,1,2019-03-17,,australia,Formula 1 Rolex Australian Grand Prix 2019,KNOCKOUT,,melbourne,melbourne-1,STREET,CLOCKWISE,5.303,16,58,307.574,,,False,False,,,,,,,,,,,,,,,,,,,,,,,,,,
999,2019,2,2019-03-31,,bahrain,Formula 1 Gulf Air Bahrain Grand Prix 2019,KNOCKOUT,,bahrain,bahrain-1,RACE,CLOCKWISE,5.412,15,57,308.238,,,False,False,,,,,,,,,,,,,,,,,,,,,,,,,,
1000,2019,3,2019-04-14,,china,Formula 1 Heineken Chinese Grand Prix 2019,KNOCKOUT,,shanghai,shanghai-1,RACE,CLOCKWISE,5.451,16,56,305.066,,,False,False,,,,,,,,,,,,,,,,,,,,,,,,,,
1001,2019,4,2019-04-28,,azerbaijan,Formula 1 SOCAR Azerbaijan Grand Prix 2019,KNOCKOUT,,baku,baku-1,STREET,ANTI_CLOCKWISE,6.003,20,51,306.049,,,False,False,,,,,,,,,,,,,,,,,,,,,,,,,,
1002,2019,5,2019-05-12,,spain,Formula 1 Emirates Gran Premio de España 2019,KNOCKOUT,,catalunya,catalunya-4,RACE,CLOCKWISE,4.655,16,66,307.104,,,False,False,,,,,,,,,,,,,,,,,,,,,,,,,,
1003,2019,6,2019-05-26,,monaco,Formula 1 Grand Prix de Monaco 2019,KNOCKOUT,,monaco,monaco-6,STREET,CLOCKWISE,3.337,19,78,260.286,,,False,False,,,,,,,,,,,,,,,,,,,,,,,,,,
1004,2019,7,2019-06-09,,canada,Formula 1 Pirelli Grand Prix du Canada 2019,KNOCKOUT,,montreal,montreal-6,STREET,CLOCKWISE,4.361,14,70,305.27,,,False,False,,,,,,,,,,,,,,,,,,,,,,,,,,
1005,2019,8,2019-06-23,,france,Formula 1 Pirelli Grand Prix de France 2019,KNOCKOUT,,paul-ricard,paul-ricard-3,RACE,CLOCKWISE,5.842,15,53,309.69,,,False,False,,,,,,,,,,,,,,,,,,,,,,,,,,
1006,2019,9,2019-06-30,,austria,Formula 1 myWorld Grosser Preis von Österreich 2019,KNOCKOUT,,spielberg,spielberg-3,RACE,CLOCKWISE,4.318,10,71,306.452,,,False,False,,,,,,,,,,,,,,,,,,,,,,,,,,
1007,2019,10,2019-07-14,,great-britain,Formula 1 Rolex British Grand Prix 2019,KNOCKOUT,,silverstone,silverstone-8,RACE,CLOCKWISE,5.891,18,52,306.198,,,False,False,,,,,,,,,,,,,,,,,,,,,,,,,,
1008,2019,11,2019-07-28,,germany,Formula 1 Mercedes-Benz Grosser Preis von Deutschland 2019,KNOCKOUT,,hockenheimring,hockenheimring-4,RACE,CLOCKWISE,4.574,17,64,292.736,67.0,306.458,False,False,,,,,,,,,,,,,,,,,,,,,,,,,,
1009,2019,12,2019-08-04,,hungary,Formula 1 Rolex Magyar Nagydíj 2019,KNOCKOUT,,hungaroring,hungaroring-3,RACE,CLOCKWISE,4.381,14,70,306.63,,,False,False,,,,,,,,,,,,,,,,,,,,,,,,,,
1010,2019,13,2019-09-01,,belgium,Formula 1 Johnnie Walker Belgian Grand Prix 2019,KNOCKOUT,,spa-francorchamps,spa-francorchamps-4,RACE,CLOCKWISE,7.004,19,44,308.052,,,False,False,,,,,,,,,,,,,,,,,,,,,,,,,,
1011,2019,14,2019-09-08,,italy,Formula 1 Gran Premio Heineken d'Italia 2019,KNOCKOUT,,monza,monza-7,RACE,CLOCKWISE,5.793,11,53,306.72,,,False,False,,,,,,,,,,,,,,,,,,,,,,,,,,
1012,2019,15,2019-09-22,,singapore,Formula 1 Singapore Airlines Singapore Grand Prix 2019,KNOCKOUT,,marina-bay,marina-bay-3,STREET,ANTI_CLOCKWISE,5.063,23,61,308.706,,,False,False,,,,,,,,,,,,,,,,,,,,,,,,,,
1013,2019,16,2019-09-29,,russia,Formula 1 VTB Russian Grand Prix 2019,KNOCKOUT,,sochi,sochi-1,ROAD,CLOCKWISE,5.848,18,53,309.745,,,False,False,,,,,,,,,,,,,,,,,,,,,,,,,,
1014,2019,17,2019-10-13,,japan,Formula 1 Japanese Grand Prix 2019,KNOCKOUT,,suzuka,suzuka-2,RACE,CLOCKWISE,5.807,18,52,301.664,53.0,307.471,False,True,,,,,,,,,,,,,,,,,,,,,,,,,,
1015,2019,18,2019-10-27,,mexico,Formula 1 Gran Premio de México 2019,KNOCKOUT,,mexico-city,mexico-city-3,RACE,CLOCKWISE,4.304,17,71,305.354,,,False,False,,,,,,,,,,,,,,,,,,,,,,,,,,
1016,2019,19,2019-11-03,,united-states,Formula 1 Emirates United States Grand Prix 2019,KNOCKOUT,,austin,austin-1,RACE,ANTI_CLOCKWISE,5.513,20,56,308.405,,,True,False,,,,,,,,,,,,,,,,,,,,,,,,,,
1017,2019,20,2019-11-17,,brazil,Formula 1 Heineken Grande Prêmio do Brasil 2019,KNOCKOUT,,interlagos,interlagos-2,RACE,ANTI_CLOCKWISE,4.309,15,71,305.909,,,False,False,,,,,,,,,,,,,,,,,,,,,,,,,,
1018,2019,21,2019-12-01,,abu-dhabi,Formula 1 Etihad Airways Abu Dhabi Grand Prix 2019,KNOCKOUT,,yas-marina,yas-marina-1,RACE,ANTI_CLOCKWISE,5.554,21,55,305.355,,,False,False,,,,,,,,,,,,,,,,,,,,,,,,,,
1019,2020,1,2020-07-05,,austria,Formula 1 Rolex Grosser Preis von Österreich 2020,KNOCKOUT,,spielberg,spielberg-3,RACE,CLOCKWISE,4.318,10,71,306.452,,,False,False,,,,,,,,,,,,,,,,,,,,,,,,,,
1020,2020,2,2020-07-12,,styria,Formula 1 Pirelli Grosser Preis der Steiermark 2020,KNOCKOUT,,spielberg,spielberg-3,RACE,CLOCKWISE,4.318,10,71,306.452,,,False,False,,,,,,,,,,,,,,,,,,,,,,,,,,
1021,2020,3,2020-07-19,,hungary,Formula 1 Aramco Magyar Nagydíj 2020,KNOCKOUT,,hungaroring,hungaroring-3,RACE,CLOCKWISE,4.381,14,70,306.63,,,False,False,,,,,,,,,,,,,,,,,,,,,,,,,,
1022,2020,4,2020-08-02,,great-britain,Formula 1 Pirelli British Grand Prix 2020,KNOCKOUT,,silverstone,silverstone-8,RACE,CLOCKWISE,5.891,18,52,306.198,,,False,False,,,,,,,,,,,,,,,,,,,,,,,,,,
1023,2020,5,2020-08-09,,70th-anniversary,Emirates Formula 1 70th Anniversary Grand Prix 2020,KNOCKOUT,,silverstone,silverstone-8,RACE,CLOCKWISE,5.891,18,52,306.198,,,False,False,,,,,,,,,,,,,,,,,,,,,,,,,,
1024,2020,6,2020-08-16,,spain,Formula 1 Aramco Gran Premio de España 2020,KNOCKOUT,,catalunya,catalunya-4,RACE,CLOCKWISE,4.655,16,66,307.104,,,False,False,,,,,,,,,,,,,,,,,,,,,,,,,,
1025,2020,7,2020-08-30,,belgium,Formula 1 Rolex Belgian Grand Prix 2020,KNOCKOUT,,spa-francorchamps,spa-francorchamps-4,RACE,CLOCKWISE,7.004,19,44,308.052,,,False,False,,,,,,,,,,,,,,,,,,,,,,,,,,
1026,2020,8,2020-09-06,,italy,Formula 1 Gran Premio Heineken d'Italia 2020,KNOCKOUT,,monza,monza-7,RACE,CLOCKWISE,5.793,11,53,306.72,,,False,False,,,,,,,,,,,,,,,,,,,,,,,,,,
1027,2020,9,2020-09-13,,tuscany,Formula 1 Gran Premio Della Toscana Ferrari 1000 2020,KNOCKOUT,,mugello,mugello-1,RACE,CLOCKWISE,5.245,15,59,309.455,,,False,False,,,,,,,,,,,,,,,,,,,,,,,,,,
1028,2020,10,2020-09-27,,russia,Formula 1 VTB Russian Grand Prix 2020,KNOCKOUT,,sochi,sochi-1,ROAD,CLOCKWISE,5.848,18,53,309.745,,,False,False,,,,,,,,,,,,,,,,,,,,,,,,,,
1029,2020,11,2020-10-11,,eifel,Formula 1 Aramco Grosser Preis der Eifel 2020,KNOCKOUT,,nurburgring,nurburgring-4,RACE,CLOCKWISE,5.148,15,60,308.623,,,False,False,,,,,,,,,,,,,,,,,,,,,,,,,,
1030,2020,12,2020-10-25,,portugal,Formula 1 Heineken Grande Prémio de Portugal 2020,KNOCKOUT,,portimao,portimao-1,RACE,CLOCKWISE,4.653,15,66,306.826,,,False,False,,,,,,,,,,,,,,,,,,,,,,,,,,
1031,2020,13,2020-11-01,,emilia-romagna,Formula 1 Emirates Gran Premio dell'Emilia Romagna 2020,KNOCKOUT,,imola,imola-3,RACE,ANTI_CLOCKWISE,4.909,19,63,309.05,,,False,True,,,,,,,,,,,,,,,,,,,,,,,,,,
1032,2020,14,2020-11-15,,turkey,Formula 1 DHL Turkish Grand Prix 2020,KNOCKOUT,,istanbul,istanbul-1,RACE,ANTI_CLOCKWISE,5.338,14,58,309.396,,,True,False,,,,,,,,,,,,,,,,,,,,,,,,,,
1033,2020,15,2020-11-29,,bahrain,Formula 1 Gulf Air Bahrain Grand Prix 2020,KNOCKOUT,,bahrain,bahrain-1,RACE,CLOCKWISE,5.412,15,57,308.238,,,False,False,,,,,,,,,,,,,,,,,,,,,,,,,,
1034,2020,16,2020-12-06,,sakhir,Formula 1 Rolex Sakhir Grand Prix 2020,KNOCKOUT,,bahrain,bahrain-3,RACE,CLOCKWISE,3.543,11,87,307.995,,,False,False,,,,,,,,,,,,,,,,,,,,,,,,,,
1035,2020,17,2020-12-13,,abu-dhabi,Formula 1 Etihad Airways Abu Dhabi Grand Prix 2020,KNOCKOUT,,yas-marina,yas-marina-1,RACE,ANTI_CLOCKWISE,5.554,21,55,305.355,,,False,False,,,,,,,,,,,,,,,,,,,,,,,,,,
1036,2021,1,2021-03-28,,bahrain,Formula 1 Gulf Air Bahrain Grand Prix 2021,KNOCKOUT,,bahrain,bahrain-1,RACE,CLOCKWISE,5.412,15,56,302.826,57.0,308.238,False,False,,,,,,,,,,,,,,,,,,,,,,,,,,
1037,2021,2,2021-04-18,,emilia-romagna,Formula 1 Pirelli Gran Premio del Made in Italy e dell'Emilia Romagna 2021,KNOCKOUT,,imola,imola-3,RACE,ANTI_CLOCKWISE,4.909,19,63,309.05,,,False,False,,,,,,,,,,,,,,,,,,,,,,,,,,
1038,2021,3,2021-05-02,,portugal,Formula 1 Heineken Grande Prémio de Portugal 2021,KNOCKOUT,,portimao,portimao-1,RACE,CLOCKWISE,4.653,15,66,306.826,,,False,False,,,,,,,,,,,,,,,,,,,,,,,,,,
1039,2021,4,2021-05-09,,spain,Formula 1 Aramco Gran Premio de España 2021,KNOCKOUT,,catalunya,catalunya-5,RACE,CLOCKWISE,4.675,16,66,308.424,,,False,False,,,,,,,,,,,,,,,,,,,,,,,,,,
1040,2021,5,2021-05-23,,monaco,Formula 1 Grand Prix de Monaco 2021,KNOCKOUT,,monaco,monaco-6,STREET,CLOCKWISE,3.337,19,78,260.286,,,False,False,,,,,,,,,,,,,,,,,,,,,,,,,,
1041,2021,6,2021-06-06,,azerbaijan,Formula 1 Azerbaijan Grand Prix 2021,KNOCKOUT,,baku,baku-1,STREET,ANTI_CLOCKWISE,6.003,20,51,306.049,,,False,False,,,,,,,,,,,,,,,,,,,,,,,,,,
1042,2021,7,2021-06-20,,france,Formula 1 Emirates Grand Prix de France 2021,KNOCKOUT,,paul-ricard,paul-ricard-3,RACE,CLOCKWISE,5.842,15,53,309.69,,,False,False,,,,,,,,,,,,,,,,,,,,,,,,,,
1043,2021,8,2021-06-27,,styria,Formula 1 BWT Grosser Preis der Steiermark 2021,KNOCKOUT,,spielberg,spielberg-3,RACE,CLOCKWISE,4.318,10,71,306.452,,,False,False,,,,,,,,,,,,,,,,,,,,,,,,,,
1044,2021,9,2021-07-04,,austria,Formula 1 BWT Grosser Preis von Österreich 2021,KNOCKOUT,,spielberg,spielberg-3,RACE,CLOCKWISE,4.318,10,71,306.452,,,False,False,,,,,,,,,,,,,,,,,,,,,,,,,,
1045,2021,10,2021-07-18,,great-britain,Formula 1 Pirelli British Grand Prix 2021,SPRINT_RACE,,silverstone,silverstone-8,RACE,CLOCKWISE,5.891,18,52,306.198,,,False,False,,,,,,,,,,,,,,,,,,,,,17.0,100.013,,,,
1046,2021,11,2021-08-01,,hungary,Formula 1 Rolex Magyar Nagydíj 2021,KNOCKOUT,,hungaroring,hungaroring-3,RACE,CLOCKWISE,4.381,14,70,306.63,,,False,False,,,,,,,,,,,,,,,,,,,,,,,,,,
1047,2021,12,2021-08-29,,belgium,Formula 1 Rolex Belgian Grand Prix 2021,KNOCKOUT,,spa-francorchamps,spa-francorchamps-4,RACE,CLOCKWISE,7.004,19,1,6.88,44.0,308.052,False,False,,,,,,,,,,,,,,,,,,,,,,,,,,
1048,2021,13,2021-09-05,,netherlands,Formula 1 Heineken Dutch Grand Prix 2021,KNOCKOUT,,zandvoort,zandvoort-5,RACE,CLOCKWISE,4.259,14,72,306.648,,,False,False,,,,,,,,,,,,,,,,,,,,,,,,,,
1049,2021,14,2021-09-12,,italy,Formula 1 Heineken Gran Premio d'Italia 2021,SPRINT_RACE,,monza,monza-7,RACE,CLOCKWISE,5.793,11,53,306.72,,,False,False,,,,,,,,,,,,,,,,,,,,,18.0,103.965,,,,
1050,2021,15,2021-09-26,,russia,Formula 1 VTB Russian Grand Prix 2021,KNOCKOUT,,sochi,sochi-1,ROAD,CLOCKWISE,5.848,18,53,309.745,,,False,False,,,,,,,,,,,,,,,,,,,,,,,,,,
1051,2021,16,2021-10-03,,turkey,Formula 1 Rolex Turkish Grand Prix 2021,KNOCKOUT,,istanbul,istanbul-1,RACE,ANTI_CLOCKWISE,5.338,14,58,309.396,,,False,False,,,,,,,,,,,,,,,,,,,,,,,,,,
1052,2021,17,2021-10-24,,united-states,Formula 1 Aramco United States Grand Prix 2021,KNOCKOUT,,austin,austin-1,RACE,ANTI_CLOCKWISE,5.513,20,56,308.405,,,False,False,,,,,,,,,,,,,,,,,,,,,,,,,,
1053,2021,18,2021-11-07,,mexico,Formula 1 Gran Premio de la Ciudad de México 2021,KNOCKOUT,,mexico-city,mexico-city-3,RACE,CLOCKWISE,4.304,17,71,305.354,,,False,False,,,,,,,,,,,,,,,,,,,,,,,,,,
1054,2021,19,2021-11-14,,sao-paulo,Formula 1 Heineken Grande Prêmio de São Paulo 2021,SPRINT_RACE,,interlagos,interlagos-2,RACE,ANTI_CLOCKWISE,4.309,15,71,305.909,,,False,False,,,,,,,,,,,,,,,,,,,,,24.0,103.386,,,,
1055,2021,20,2021-11-21,,qatar,Formula 1 Ooredoo Qatar Grand Prix 2021,KNOCKOUT,,lusail,lusail-1,RACE,CLOCKWISE,5.38,16,57,306.66,,,False,False,,,,,,,,,,,,,,,,,,,,,,,,,,
1056,2021,21,2021-12-05,,saudi-arabia,Formula 1 stc Saudi Arabian Grand Prix 2021,KNOCKOUT,,jeddah,jeddah-1,STREET,ANTI_CLOCKWISE,6.174,27,50,308.45,,,False,False,,,,,,,,,,,,,,,,,,,,,,,,,,
1057,2021,22,2021-12-12,,abu-dhabi,Formula 1 Etihad Airways Abu Dhabi Grand Prix 2021,KNOCKOUT,,yas-marina,yas-marina-2,RACE,ANTI_CLOCKWISE,5.281,16,58,306.183,,,True,True,,,,,,,,,,,,,,,,,,,,,,,,,,
1058,2022,1,2022-03-20,,bahrain,Formula 1 Gulf Air Bahrain Grand Prix 2022,KNOCKOUT,,bahrain,bahrain-1,RACE,CLOCKWISE,5.412,15,57,308.238,,,False,False,,,,,,,,,,,,,,,,,,,,,,,,,,
1059,2022,2,2022-03-27,,saudi-arabia,Formula 1 stc Saudi Arabian Grand Prix 2022,KNOCKOUT,,jeddah,jeddah-1,STREET,ANTI_CLOCKWISE,6.174,27,50,308.45,,,False,False,,,,,,,,,,,,,,,,,,,,,,,,,,
1060,2022,3,2022-04-10,,australia,Formula 1 Heineken Australian Grand Prix 2022,KNOCKOUT,,melbourne,melbourne-2,STREET,CLOCKWISE,5.278,14,58,306.124,,,False,False,,,,,,,,,,,,,,,,,,,,,,,,,,
1061,2022,4,2022-04-24,,emilia-romagna,Formula 1 Rolex Gran Premio dell'Emilia Romagna 2022,SPRINT_RACE,,imola,imola-3,RACE,ANTI_CLOCKWISE,4.909,19,63,309.049,,,False,False,,,,,,,,,,,,,,,,,,,,,21.0,102.871,,,,
1062,2022,5,2022-05-08,,miami,Formula 1 Crypto.com Miami Grand Prix 2022,KNOCKOUT,,miami,miami-1,STREET,ANTI_CLOCKWISE,5.412,19,57,308.326,,,False,False,,,,,,,,,,,,,,,,,,,,,,,,,,
1063,2022,6,2022-05-22,,spain,Formula 1 Pirelli Gran Premio de España 2022,KNOCKOUT,,catalunya,catalunya-5,RACE,CLOCKWISE,4.675,16,66,308.424,,,False,False,,,,,,,,,,,,,,,,,,,,,,,,,,
1064,2022,7,2022-05-29,,monaco,Formula 1 Grand Prix de Monaco 2022,KNOCKOUT,,monaco,monaco-6,STREET,CLOCKWISE,3.337,19,64,213.568,78.0,260.286,False,False,,,,,,,,,,,,,,,,,,,,,,,,,,
1065,2022,8,2022-06-12,,azerbaijan,Formula 1 Azerbaijan Grand Prix 2022,KNOCKOUT,,baku,baku-1,STREET,ANTI_CLOCKWISE,6.003,20,51,306.049,,,False,False,,,,,,,,,,,,,,,,,,,,,,,,,,
1066,2022,9,2022-06-19,,canada,Formula 1 Grand Prix du Canada 2022,KNOCKOUT,,montreal,montreal-6,STREET,CLOCKWISE,4.361,14,70,305.27,,,False,False,,,,,,,,,,,,,,,,,,,,,,,,,,
1067,2022,10,2022-07-03,,great-britain,Formula 1 Lenovo British Grand Prix 2022,KNOCKOUT,,silverstone,silverstone-8,RACE,CLOCKWISE,5.891,18,52,306.198,,,False,False,,,,,,,,,,,,,,,,,,,,,,,,,,
1068,2022,11,2022-07-10,,austria,Formula 1 Grosser Preis von Österreich 2022,SPRINT_RACE,,spielberg,spielberg-3,RACE,CLOCKWISE,4.318,10,71,306.452,,,False,False,,,,,,,,,,,,,,,,,,,,,23.0,99.188,24.0,103.506,,
1069,2022,12,2022-07-24,,france,Formula 1 Lenovo Grand Prix de France 2022,KNOCKOUT,,paul-ricard,paul-ricard-3,RACE,CLOCKWISE,5.842,15,53,309.69,,,False,False,,,,,,,,,,,,,,,,,,,,,,,,,,
1070,2022,13,2022-07-31,,hungary,Formula 1 Aramco Magyar Nagydíj 2022,KNOCKOUT,,hungaroring,hungaroring-3,RACE,CLOCKWISE,4.381,14,70,306.63,,,False,False,,,,,,,,,,,,,,,,,,,,,,,,,,
1071,2022,14,2022-08-28,,belgium,Formula 1 Rolex Belgian Grand Prix 2022,KNOCKOUT,,spa-francorchamps,spa-francorchamps-4,RACE,CLOCKWISE,7.004,19,44,308.052,,,False,False,,,,,,,,,,,,,,,,,,,,,,,,,,
1072,2022,15,2022-09-04,,netherlands,Formula 1 Heineken Dutch Grand Prix 2022,KNOCKOUT,,zandvoort,zandvoort-5,RACE,CLOCKWISE,4.259,14,72,306.587,,,False,False,,,,,,,,,,,,,,,,,,,,,,,,,,
1073,2022,16,2022-09-11,,italy,Formula 1 Pirelli Gran Premio d'Italia 2022,KNOCKOUT,,monza,monza-7,RACE,CLOCKWISE,5.793,11,53,306.72,,,False,False,,,,,,,,,,,,,,,,,,,,,,,,,,
1074,2022,17,2022-10-02,,singapore,Formula 1 Singapore Airlines Singapore Grand Prix 2022,KNOCKOUT,,marina-bay,marina-bay-3,STREET,ANTI_CLOCKWISE,5.063,23,59,298.58,61.0,308.706,False,False,,,,,,,,,,,,,,,,,,,,,,,,,,
1075,2022,18,2022-10-09,,japan,Formula 1 Honda Japanese Grand Prix 2022,KNOCKOUT,,suzuka,suzuka-2,RACE,CLOCKWISE,5.807,18,28,162.296,53.0,307.471,True,False,,,,,,,,,,,,,,,,,,,,,,,,,,
1076,2022,19,2022-10-23,,united-states,Formula 1 Aramco United States Grand Prix 2022,KNOCKOUT,,austin,austin-1,RACE,ANTI_CLOCKWISE,5.513,20,56,308.405,,,False,True,,,,,,,,,,,,,,,,,,,,,,,,,,
1077,2022,20,2022-10-30,,mexico,Formula 1 Heineken Gran Premio de la Ciudad de México 2022,KNOCKOUT,,mexico-city,mexico-city-3,RACE,CLOCKWISE,4.304,17,71,305.354,,,False,False,,,,,,,,,,,,,,,,,,,,,,,,,,
1078,2022,21,2022-11-13,,sao-paulo,Formula 1 Heineken Grande Prêmio de São Paulo 2022,SPRINT_RACE,,interlagos,interlagos-2,RACE,ANTI_CLOCKWISE,4.309,15,71,305.879,,,False,False,,,,,,,,,,,,,,,,,,,,,24.0,103.356,,,,
1079,2022,22,2022-11-20,,abu-dhabi,Formula 1 Etihad Airways Abu Dhabi Grand Prix 2022,KNOCKOUT,,yas-marina,yas-marina-2,RACE,ANTI_CLOCKWISE,5.281,16,58,306.183,,,False,False,,,,,,,,,,,,,,,,,,,,,,,,,,
1080,2023,1,2023-03-05,,bahrain,Formula 1 Gulf Air Bahrain Grand Prix 2023,KNOCKOUT,,bahrain,bahrain-1,RACE,CLOCKWISE,5.412,15,57,308.238,,,False,False,,,,,,,,,,,,,,,,,,,,,,,,,,
1081,2023,2,2023-03-19,,saudi-arabia,Formula 1 stc Saudi Arabian Grand Prix 2023,KNOCKOUT,,jeddah,jeddah-1,STREET,ANTI_CLOCKWISE,6.174,27,50,308.45,,,False,False,,,,,,,,,,,,,,,,,,,,,,,,,,
1082,2023,3,2023-04-02,,australia,Formula 1 Rolex Australian Grand Prix 2023,KNOCKOUT,,melbourne,melbourne-2,STREET,CLOCKWISE,5.278,14,58,306.124,,,False,False,,,,,,,,,,,,,,,,,,,,,,,,,,
1083,2023,4,2023-04-30,,azerbaijan,Formula 1 Azerbaijan Grand Prix 2023,KNOCKOUT,SPRINT_SHOOTOUT,baku,baku-1,STREET,ANTI_CLOCKWISE,6.003,20,51,306.049,,,False,False,,,,,,,,,,,,,,,,,,,,,17.0,101.947,,,,
1084,2023,5,2023-05-07,,miami,Formula 1 Crypto.com Miami Grand Prix 2023,KNOCKOUT,,miami,miami-1,STREET,ANTI_CLOCKWISE,5.412,19,57,308.326,,,False,False,,,,,,,,,,,,,,,,,,,,,,,,,,
1085,2023,6,2023-05-28,,monaco,Formula 1 Grand Prix de Monaco 2023,KNOCKOUT,,monaco,monaco-6,STREET,CLOCKWISE,3.337,19,78,260.286,,,False,False,,,,,,,,,,,,,,,,,,,,,,,,,,
1086,2023,7,2023-06-04,,spain,Formula 1 AWS Gran Premio de España 2023,KNOCKOUT,,catalunya,catalunya-6,RACE,CLOCKWISE,4.657,14,66,307.236,,,False,False,,,,,,,,,,,,,,,,,,,,,,,,,,
1087,2023,8,2023-06-18,,canada,Formula 1 Pirelli Grand Prix du Canada 2023,KNOCKOUT,,montreal,montreal-6,STREET,CLOCKWISE,4.361,14,70,305.27,,,False,False,,,,,,,,,,,,,,,,,,,,,,,,,,
1088,2023,9,2023-07-02,,austria,Formula 1 Rolex Grosser Preis von Österreich 2023,KNOCKOUT,SPRINT_SHOOTOUT,spielberg,spielberg-3,RACE,CLOCKWISE,4.318,10,71,306.452,,,False,False,,,,,,,,,,,,,,,,,,,,,24.0,103.506,,,,
1089,2023,10,2023-07-09,,great-britain,Formula 1 Aramco British Grand Prix 2023,KNOCKOUT,,silverstone,silverstone-8,RACE,CLOCKWISE,5.891,18,52,306.198,,,False,False,,,,,,,,,,,,,,,,,,,,,,,,,,
1090,2023,11,2023-07-23,,hungary,Formula 1 Qatar Airways Hungarian Grand Prix 2023,KNOCKOUT,,hungaroring,hungaroring-3,RACE,CLOCKWISE,4.381,14,70,306.63,,,False,False,,,,,,,,,,,,,,,,,,,,,,,,,,
1091,2023,12,2023-07-30,,belgium,Formula 1 MSC Cruises Belgian Grand Prix 2023,KNOCKOUT,SPRINT_SHOOTOUT,spa-francorchamps,spa-francorchamps-4,RACE,CLOCKWISE,7.004,19,44,308.052,,,False,False,,,,,,,,,,,,,,,,,,,,,11.0,76.92,15.0,105.06,,
1092,2023,13,2023-08-27,,netherlands,Formula 1 Heineken Dutch Grand Prix 2023,KNOCKOUT,,zandvoort,zandvoort-5,RACE,CLOCKWISE,4.259,14,72,306.587,,,False,False,,,,,,,,,,,,,,,,,,,,,,,,,,
1093,2023,14,2023-09-03,,italy,Formula 1 Pirelli Gran Premio d'Italia 2023,KNOCKOUT,,monza,monza-7,RACE,CLOCKWISE,5.793,11,51,295.134,53.0,306.72,False,False,,,,,,,,,,,,,,,,,,,,,,,,,,
1094,2023,15,2023-09-17,,singapore,Formula 1 Singapore Airlines Singapore Grand Prix 2023,KNOCKOUT,,marina-bay,marina-bay-4,STREET,ANTI_CLOCKWISE,4.94,19,62,306.143,,,False,False,,,,,,,,,,,,,,,,,,,,,,,,,,
1095,2023,16,2023-09-24,,japan,Formula 1 Lenovo Japanese Grand Prix 2023,KNOCKOUT,,suzuka,suzuka-2,RACE,CLOCKWISE,5.807,18,53,307.471,,,False,True,,,,,,,,,,,,,,,,,,,,,,,,,,
1096,2023,17,2023-10-08,,qatar,Formula 1 Qatar Airways Qatar Grand Prix 2023,KNOCKOUT,SPRINT_SHOOTOUT,lusail,lusail-1,RACE,CLOCKWISE,5.419,16,57,308.611,,,True,False,,,,,,,,,,,,,,,,,,,,,19.0,102.689,,,,
1097,2023,18,2023-10-22,,united-states,Formula 1 Lenovo United States Grand Prix 2023,KNOCKOUT,SPRINT_SHOOTOUT,austin,austin-1,RACE,ANTI_CLOCKWISE,5.513,20,56,308.405,,,False,False,,,,,,,,,,,,,,,,,,,,,19.0,104.424,,,,
1098,2023,19,2023-10-29,,mexico,Formula 1 Gran Premio de la Ciudad de México 2023,KNOCKOUT,,mexico-city,mexico-city-3,RACE,CLOCKWISE,4.304,17,71,305.354,,,False,False,,,,,,,,,,,,,,,,,,,,,,,,,,
1099,2023,20,2023-11-05,,sao-paulo,Formula 1 Rolex Grande Prêmio de São Paulo 2023,KNOCKOUT,SPRINT_SHOOTOUT,interlagos,interlagos-2,RACE,ANTI_CLOCKWISE,4.309,15,71,305.879,,,False,False,,,,,,,,,,,,,,,,,,,,,24.0,103.356,,,,
1100,2023,21,2023-11-19,,las-vegas,Formula 1 Heineken Silver Las Vegas Grand Prix 2023,KNOCKOUT,,las-vegas,las-vegas-1,STREET,ANTI_CLOCKWISE,6.201,17,50,309.958,,,False,False,,,,,,,,,,,,,,,,,,,,,,,,,,
1101,2023,22,2023-11-26,,abu-dhabi,Formula 1 Etihad Airways Abu Dhabi Grand Prix 2023,KNOCKOUT,,yas-marina,yas-marina-2,RACE,ANTI_CLOCKWISE,5.281,16,58,306.183,,,False,False,,,,,,,,,,,,,,,,,,,,,,,,,,
1102,2024,1,2024-03-02,15:00,bahrain,Formula 1 Gulf Air Bahrain Grand Prix 2024,KNOCKOUT,,bahrain,bahrain-1,RACE,CLOCKWISE,5.412,15,57,308.238,,,False,False,,,2024-02-29,11:30,2024-02-29,15:00,2024-03-01,12:30,,,,,,,2024-03-01,16:00,,,,,,,,,,
1103,2024,2,2024-03-09,17:00,saudi-arabia,Formula 1 stc Saudi Arabian Grand Prix 2024,KNOCKOUT,,jeddah,jeddah-1,STREET,ANTI_CLOCKWISE,6.174,27,50,308.45,,,False,False,,,2024-03-07,13:30,2024-03-07,17:00,2024-03-08,13:30,,,,,,,2024-03-08,17:00,,,,,,,,,,
1104,2024,3,2024-03-24,04:00,australia,Formula 1 Rolex Australian Grand Prix 2024,KNOCKOUT,,melbourne,melbourne-2,STREET,CLOCKWISE,5.278,14,58,306.124,,,False,False,,,2024-03-22,01:30,2024-03-22,05:00,2024-03-23,01:30,,,,,,,2024-03-23,05:00,,,,,,,,,,
1105,2024,4,2024-04-07,05:00,japan,Formula 1 MSC Cruises Japanese Grand Prix 2024,KNOCKOUT,,suzuka,suzuka-2,RACE,CLOCKWISE,5.807,18,53,307.471,,,False,False,,,2024-04-05,02:30,2024-04-05,06:00,2024-04-06,02:30,,,,,,,2024-04-06,06:00,,,,,,,,,,
1106,2024,5,2024-04-21,07:00,china,Formula 1 Lenovo Chinese Grand Prix 2024,KNOCKOUT,SPRINT_SHOOTOUT,shanghai,shanghai-1,RACE,CLOCKWISE,5.451,16,56,305.066,,,False,False,,,2024-04-19,03:30,,,,,,,,,,,2024-04-20,07:00,2024-04-19,07:30,2024-04-20,03:00,19.0,103.379,,,,
1107,2024,6,2024-05-05,20:00,miami,Formula 1 Crypto.com Miami Grand Prix 2024,KNOCKOUT,SPRINT_SHOOTOUT,miami,miami-1,STREET,ANTI_CLOCKWISE,5.412,19,57,308.326,,,False,False,,,2024-05-03,16:30,,,,,,,,,,,2024-05-04,20:00,2024-05-03,20:30,2024-05-04,16:00,19.0,102.67,,,,
1108,2024,7,2024-05-19,13:00,emilia-romagna,Formula 1 MSC Cruises Gran Premio dell'Emilia Romagna 2024,KNOCKOUT,,imola,imola-3,RACE,ANTI_CLOCKWISE,4.909,19,63,309.049,,,False,False,,,2024-05-17,11:30,2024-05-17,15:00,2024-05-18,10:30,,,,,,,2024-05-18,14:00,,,,,,,,,,
1109,2024,8,2024-05-26,13:00,monaco,Formula 1 Grand Prix de Monaco 2024,KNOCKOUT,,monaco,monaco-6,STREET,CLOCKWISE,3.337,19,78,260.286,,,False,False,,,2024-05-24,11:30,2024-05-24,15:00,2024-05-25,10:30,,,,,,,2024-05-25,14:00,,,,,,,,,,
1110,2024,9,2024-06-09,18:00,canada,Formula 1 Grand Prix du Canada 2024,KNOCKOUT,,montreal,montreal-6,STREET,CLOCKWISE,4.361,14,70,305.27,,,False,False,,,2024-06-07,17:30,2024-06-07,21:00,2024-06-08,16:30,,,,,,,2024-06-08,20:00,,,,,,,,,,
1111,2024,10,2024-06-23,13:00,spain,Formula 1 Aramco Gran Premio de España 2024,KNOCKOUT,,catalunya,catalunya-6,RACE,CLOCKWISE,4.657,14,66,307.236,,,False,False,,,2024-06-21,11:30,2024-06-21,15:00,2024-06-22,10:30,,,,,,,2024-06-22,14:00,,,,,,,,,,
1112,2024,11,2024-06-30,13:00,austria,Formula 1 Qatar Airways Austrian Grand Prix 2024,KNOCKOUT,SPRINT_SHOOTOUT,spielberg,spielberg-3,RACE,CLOCKWISE,4.318,10,71,306.452,,,False,False,,,2024-06-28,10:30,,,,,,,,,,,2024-06-29,14:00,2024-06-28,14:30,2024-06-29,10:00,23.0,99.188,24.0,103.506,,
1113,2024,12,2024-07-07,14:00,great-britain,Formula 1 Qatar Airways British Grand Prix 2024,KNOCKOUT,,silverstone,silverstone-8,RACE,CLOCKWISE,5.891,18,52,306.198,,,False,False,,,2024-07-05,11:30,2024-07-05,15:00,2024-07-06,10:30,,,,,,,2024-07-06,14:00,,,,,,,,,,
1114,2024,13,2024-07-21,13:00,hungary,Formula 1 Hungarian Grand Prix 2024,KNOCKOUT,,hungaroring,hungaroring-3,RACE,CLOCKWISE,4.381,14,70,306.63,,,False,False,,,2024-07-19,11:30,2024-07-19,15:00,2024-07-20,10:30,,,,,,,2024-07-20,14:00,,,,,,,,,,
1115,2024,14,2024-07-28,13:00,belgium,Formula 1 Rolex Belgian Grand Prix 2024,KNOCKOUT,,spa-francorchamps,spa-francorchamps-4,RACE,CLOCKWISE,7.004,19,44,308.052,,,False,False,,,2024-07-26,11:30,2024-07-26,15:00,2024-07-27,10:30,,,,,,,2024-07-27,14:00,,,,,,,,,,
1116,2024,15,2024-08-25,13:00,netherlands,Formula 1 Heineken Dutch Grand Prix 2024,KNOCKOUT,,zandvoort,zandvoort-5,RACE,CLOCKWISE,4.259,14,72,306.587,,,False,False,,,2024-08-23,10:30,2024-08-23,14:00,2024-08-24,09:30,,,,,,,2024-08-24,13:00,,,,,,,,,,
1117,2024,16,2024-09-01,13:00,italy,Formula 1 Pirelli Gran Premio d'Italia 2024,KNOCKOUT,,monza,monza-7,RACE,CLOCKWISE,5.793,11,53,306.72,,,False,False,,,2024-08-30,11:30,2024-08-30,15:00,2024-08-31,10:30,,,,,,,2024-08-31,14:00,,,,,,,,,,
1118,2024,17,2024-09-15,11:00,azerbaijan,Formula 1 Qatar Airways Azerbaijan Grand Prix 2024,KNOCKOUT,,baku,baku-1,STREET,ANTI_CLOCKWISE,6.003,20,51,306.049,,,False,False,,,2024-09-13,09:30,2024-09-13,13:00,2024-09-14,08:30,,,,,,,2024-09-14,12:00,,,,,,,,,,
1119,2024,18,2024-09-22,12:00,singapore,Formula 1 Singapore Airlines Singapore Grand Prix 2024,KNOCKOUT,,marina-bay,marina-bay-4,STREET,ANTI_CLOCKWISE,4.94,19,62,306.143,,,False,False,,,2024-09-20,09:30,2024-09-20,13:00,2024-09-21,09:30,,,,,,,2024-09-21,13:00,,,,,,,,,,
1120,2024,19,2024-10-20,19:00,united-states,Formula 1 Pirelli United States Grand Prix 2024,KNOCKOUT,SPRINT_SHOOTOUT,austin,austin-1,RACE,ANTI_CLOCKWISE,5.513,20,56,308.405,,,False,False,,,2024-10-18,17:30,,,,,,,,,,,2024-10-19,22:00,2024-10-18,21:30,2024-10-19,18:00,19.0,104.424,,,,
1121,2024,20,2024-10-27,20:00,mexico,Formula 1 Gran Premio de la Ciudad de México 2024,KNOCKOUT,,mexico-city,mexico-city-3,RACE,CLOCKWISE,4.304,17,71,305.354,,,False,False,,,2024-10-25,18:30,2024-10-25,22:00,2024-10-26,17:30,,,,,,,2024-10-26,21:00,,,,,,,,,,
1122,2024,21,2024-11-03,15:30,sao-paulo,Formula 1 Lenovo Grande Prêmio de São Paulo 2024,KNOCKOUT,SPRINT_SHOOTOUT,interlagos,interlagos-2,RACE,ANTI_CLOCKWISE,4.309,15,69,297.261,71.0,305.879,False,False,,,2024-11-01,14:30,,,,,,,,,,,2024-11-03,10:30,2024-11-01,18:30,2024-11-02,14:00,24.0,103.456,,,,
1123,2024,22,2024-11-24,06:00,las-vegas,Formula 1 Heineken Silver Las Vegas Grand Prix 2024,KNOCKOUT,,las-vegas,las-vegas-1,STREET,ANTI_CLOCKWISE,6.201,17,50,309.958,,,True,False,,,2024-11-22,02:30,2024-11-22,06:00,2024-11-23,02:30,,,,,,,2024-11-23,06:00,,,,,,,,,,
1124,2024,23,2024-12-01,16:00,qatar,Formula 1 Qatar Airways Qatar Grand Prix 2024,KNOCKOUT,SPRINT_SHOOTOUT,lusail,lusail-1,RACE,CLOCKWISE,5.419,16,57,308.611,,,False,False,,,2024-11-29,13:30,,,,,,,,,,,2024-11-30,18:00,2024-11-29,17:30,2024-11-30,14:00,19.0,102.689,,,,
1125,2024,24,2024-12-08,13:00,abu-dhabi,Formula 1 Etihad Airways Abu Dhabi Grand Prix 2024,KNOCKOUT,,yas-marina,yas-marina-2,RACE,ANTI_CLOCKWISE,5.281,16,58,306.183,,,False,True,,,2024-12-06,09:30,2024-12-06,13:00,2024-12-07,10:30,,,,,,,2024-12-07,14:00,,,,,,,,,,
1126,2025,1,2025-03-16,04:00,australia,Formula 1 Louis Vuitton Australian Grand Prix 2025,KNOCKOUT,,melbourne,melbourne-2,STREET,CLOCKWISE,5.278,14,57,300.846,58.0,306.124,False,False,,,2025-03-14,01:30,2025-03-14,05:00,2025-03-15,01:30,,,,,,,2025-03-15,05:00,,,,,,,,,,
1127,2025,2,2025-03-23,07:00,china,Formula 1 Heineken Chinese Grand Prix 2025,KNOCKOUT,SPRINT_SHOOTOUT,shanghai,shanghai-1,RACE,CLOCKWISE,5.451,16,56,305.066,,,False,False,,,2025-03-21,03:30,,,,,,,,,,,2025-03-22,07:00,2025-03-21,07:30,2025-03-22,03:00,19.0,103.379,,,,
1128,2025,3,2025-04-06,05:00,japan,Formula 1 Lenovo Japanese Grand Prix 2025,KNOCKOUT,,suzuka,suzuka-2,RACE,CLOCKWISE,5.807,18,53,307.471,,,False,False,,,2025-04-04,02:30,2025-04-04,06:00,2025-04-05,02:30,,,,,,,2025-04-05,06:00,,,,,,,,,,
1129,2025,4,2025-04-13,15:00,bahrain,Formula 1 Gulf Air Bahrain Grand Prix 2025,KNOCKOUT,,bahrain,bahrain-1,RACE,CLOCKWISE,5.412,15,57,308.238,,,False,False,,,2025-04-11,11:30,2025-04-11,15:00,2025-04-12,12:30,,,,,,,2025-04-12,16:00,,,,,,,,,,
1130,2025,5,2025-04-20,17:00,saudi-arabia,Formula 1 stc Saudi Arabian Grand Prix 2025,KNOCKOUT,,jeddah,jeddah-1,STREET,ANTI_CLOCKWISE,6.174,27,50,308.45,,,False,False,,,2025-04-18,13:30,2025-04-18,17:00,2025-04-19,13:30,,,,,,,2025-04-19,17:00,,,,,,,,,,
1131,2025,6,2025-05-04,20:00,miami,Formula 1 Crypto.com Miami Grand Prix 2025,KNOCKOUT,SPRINT_SHOOTOUT,miami,miami-1,STREET,ANTI_CLOCKWISE,5.412,19,57,308.326,,,False,False,,,2025-05-02,16:30,,,,,,,,,,,2025-05-03,20:00,2025-05-02,20:30,2025-05-03,16:00,18.0,97.258,19.0,102.67,,
1132,2025,7,2025-05-18,13:00,emilia-romagna,Formula 1 AWS Gran Premio del Made in Italy e dell'Emilia Romagna 2025,KNOCKOUT,,imola,imola-3,RACE,ANTI_CLOCKWISE,4.909,19,63,309.049,,,False,False,,,2025-05-16,11:30,2025-05-16,15:00,2025-05-17,10:30,,,,,,,2025-05-17,14:00,,,,,,,,,,
1133,2025,8,2025-05-25,13:00,monaco,Formula 1 TAG Heuer Grand Prix de Monaco 2025,KNOCKOUT,,monaco,monaco-6,STREET,CLOCKWISE,3.337,19,78,260.286,,,False,False,,,2025-05-23,11:30,2025-05-23,15:00,2025-05-24,10:30,,,,,,,2025-05-24,14:00,,,,,,,,,,
1134,2025,9,2025-06-01,13:00,spain,Formula 1 Aramco Gran Premio de España 2025,KNOCKOUT,,catalunya,catalunya-6,RACE,CLOCKWISE,4.657,14,66,307.236,,,False,False,,,2025-05-30,11:30,2025-05-30,15:00,2025-05-31,10:30,,,,,,,2025-05-31,14:00,,,,,,,,,,
1135,2025,10,2025-06-15,18:00,canada,Formula 1 Pirelli Grand Prix du Canada 2025,KNOCKOUT,,montreal,montreal-6,STREET,CLOCKWISE,4.361,14,70,305.27,,,False,False,,,2025-06-13,17:30,2025-06-13,21:00,2025-06-14,16:30,,,,,,,2025-06-14,20:00,,,,,,,,,,
1136,2025,11,2025-06-29,13:00,austria,Formula 1 MSC Cruises Austrian Grand Prix 2025,KNOCKOUT,,spielberg,spielberg-3,RACE,CLOCKWISE,4.326,10,70,302.692,71.0,307.018,False,False,,,2025-06-27,11:30,2025-06-27,15:00,2025-06-28,10:30,,,,,,,2025-06-28,14:00,,,,,,,,,,
1137,2025,12,2025-07-06,14:00,great-britain,Formula 1 Qatar Airways British Grand Prix 2025,KNOCKOUT,,silverstone,silverstone-8,RACE,CLOCKWISE,5.891,18,52,306.198,,,False,False,,,2025-07-04,11:30,2025-07-04,15:00,2025-07-05,10:30,,,,,,,2025-07-05,14:00,,,,,,,,,,
1138,2025,13,2025-07-27,13:00,belgium,Formula 1 Moët & Chandon Belgian Grand Prix 2025,KNOCKOUT,SPRINT_SHOOTOUT,spa-francorchamps,spa-francorchamps-4,RACE,CLOCKWISE,7.004,19,44,308.052,,,False,False,,,2025-07-25,10:30,,,,,,,,,,,2025-07-26,14:00,2025-07-25,14:30,2025-07-26,10:00,15.0,104.936,,,,
1139,2025,14,2025-08-03,13:00,hungary,Formula 1 Lenovo Hungarian Grand Prix 2025,KNOCKOUT,,hungaroring,hungaroring-3,RACE,CLOCKWISE,4.381,14,70,306.63,,,False,False,,,2025-08-01,11:30,2025-08-01,15:00,2025-08-02,10:30,,,,,,,2025-08-02,14:00,,,,,,,,,,
1140,2025,15,2025-08-31,13:00,netherlands,Formula 1 Heineken Dutch Grand Prix 2025,KNOCKOUT,,zandvoort,zandvoort-5,RACE,CLOCKWISE,4.259,14,72,306.587,,,False,False,,,2025-08-29,10:30,2025-08-29,14:00,2025-08-30,09:30,,,,,,,2025-08-30,13:00,,,,,,,,,,
1141,2025,16,2025-09-07,13:00,italy,Formula 1 Pirelli Gran Premio d'Italia 2025,KNOCKOUT,,monza,monza-7,RACE,CLOCKWISE,5.793,11,53,306.72,,,False,False,,,2025-09-05,11:30,2025-09-05,15:00,2025-09-06,10:30,,,,,,,2025-09-06,14:00,,,,,,,,,,
1142,2025,17,2025-09-21,11:00,azerbaijan,Formula 1 Qatar Airways Azerbaijan Grand Prix 2025,KNOCKOUT,,baku,baku-1,STREET,ANTI_CLOCKWISE,6.003,20,51,306.049,,,False,False,,,2025-09-19,08:30,2025-09-19,12:00,2025-09-20,08:30,,,,,,,2025-09-20,12:00,,,,,,,,,,
1143,2025,18,2025-10-05,12:00,singapore,Formula 1 Singapore Airlines Singapore Grand Prix 2025,KNOCKOUT,,marina-bay,marina-bay-4,STREET,ANTI_CLOCKWISE,4.927,19,62,305.337,,,False,True,,,2025-10-03,09:30,2025-10-03,13:00,2025-10-04,09:30,,,,,,,2025-10-04,13:00,,,,,,,,,,
1144,2025,19,2025-10-19,19:00,united-states,Formula 1 MSC Cruises United States Grand Prix 2025,KNOCKOUT,SPRINT_SHOOTOUT,austin,austin-1,RACE,ANTI_CLOCKWISE,5.513,20,56,308.405,,,False,False,,,2025-10-17,17:30,,,,,,,,,,,2025-10-18,21:00,2025-10-17,21:30,2025-10-18,17:00,19.0,104.424,,,,
1145,2025,20,2025-10-26,20:00,mexico,Formula 1 Gran Premio de la Ciudad de México 2025,KNOCKOUT,,mexico-city,mexico-city-3,RACE,CLOCKWISE,4.304,17,71,305.354,,,False,False,,,2025-10-24,18:30,2025-10-24,22:00,2025-10-25,17:30,,,,,,,2025-10-25,21:00,,,,,,,,,,
1146,2025,21,2025-11-09,17:00,sao-paulo,Formula 1 MSC Cruises Grande Prêmio de São Paulo 2025,KNOCKOUT,SPRINT_SHOOTOUT,interlagos,interlagos-2,RACE,ANTI_CLOCKWISE,4.309,15,71,305.879,,,False,False,,,2025-11-07,14:30,,,,,,,,,,,2025-11-08,18:00,2025-11-07,18:30,2025-11-08,14:00,24.0,103.356,,,,
1147,2025,22,2025-11-23,04:00,las-vegas,Formula 1 Heineken Las Vegas Grand Prix 2025,KNOCKOUT,,las-vegas,las-vegas-1,STREET,ANTI_CLOCKWISE,6.201,17,50,309.958,,,False,False,,,2025-11-21,00:30,2025-11-21,04:00,2025-11-22,00:30,,,,,,,2025-11-22,04:00,,,,,,,,,,
1148,2025,23,2025-11-30,16:00,qatar,Formula 1 Qatar Airways Qatar Grand Prix 2025,KNOCKOUT,SPRINT_SHOOTOUT,lusail,lusail-1,RACE,CLOCKWISE,5.419,16,57,308.611,,,False,False,,,2025-11-28,13:30,,,,,,,,,,,2025-11-29,18:00,2025-11-28,17:30,2025-11-29,14:00,19.0,102.689,,,,
1149,2025,24,2025-12-07,13:00,abu-dhabi,Formula 1 Etihad Airways Abu Dhabi Grand Prix 2025,KNOCKOUT,,yas-marina,yas-marina-2,RACE,ANTI_CLOCKWISE,5.281,16,58,306.183,,,True,False,,,2025-12-05,09:30,2025-12-05,13:00,2025-12-06,10:30,,,,,,,2025-12-06,14:00,,,,,,,,,,
1150,2026,1,2026-03-08,04:00,australia,Formula 1 Qatar Airways Australian Grand Prix 2026,KNOCKOUT,,melbourne,melbourne-2,STREET,CLOCKWISE,5.278,14,58,306.124,,,False,False,,,2026-03-06,01:30,2026-03-06,05:00,2026-03-07,01:30,,,,,,,2026-03-07,05:00,,,,,,,,,,
1151,2026,2,2026-03-15,07:00,china,Formula 1 Heineken Chinese Grand Prix 2026,KNOCKOUT,SPRINT_SHOOTOUT,shanghai,shanghai-1,RACE,CLOCKWISE,5.451,16,56,305.066,,,False,False,,,2026-03-13,03:30,,,,,,,,,,,2026-03-14,07:00,2026-03-13,07:30,2026-03-14,03:00,19.0,103.379,,,,
1152,2026,3,2026-03-29,05:00,japan,Formula 1 Aramco Japanese Grand Prix 2026,KNOCKOUT,,suzuka,suzuka-2,RACE,CLOCKWISE,5.807,18,53,307.471,,,False,False,,,2026-03-27,02:30,2026-03-27,06:00,2026-03-28,02:30,,,,,,,2026-03-28,06:00,,,,,,,,,,
1153,2026,4,2026-05-03,17:00,miami,Formula 1 Crypto.com Miami Grand Prix 2026,KNOCKOUT,SPRINT_SHOOTOUT,miami,miami-1,STREET,ANTI_CLOCKWISE,5.412,19,57,308.326,,,False,False,,,2026-05-01,16:00,,,,,,,,,,,2026-05-02,20:00,2026-05-01,20:30,2026-05-02,16:00,19.0,102.67,,,,
1154,2026,5,2026-05-24,20:00,canada,Formula 1 Lenovo Grand Prix du Canada 2026,KNOCKOUT,SPRINT_SHOOTOUT,montreal,montreal-6,STREET,CLOCKWISE,4.361,14,68,296.548,70.0,305.27,False,False,,,2026-05-22,16:30,,,,,,,,,,,2026-05-23,20:00,2026-05-22,20:30,2026-05-23,16:00,23.0,100.303,,,,
1155,2026,6,2026-06-07,13:00,monaco,Formula 1 Louis Vuitton Grand Prix de Monaco 2026,KNOCKOUT,,monaco,monaco-6,STREET,CLOCKWISE,3.337,19,78,260.286,,,False,False,,,2026-06-05,11:30,2026-06-05,15:00,2026-06-06,10:30,,,,,,,2026-06-06,14:00,,,,,,,,,,
1156,2026,7,2026-06-14,13:00,barcelona-catalunya,Formula 1 MSC Cruises Gran Premio de Barcelona-Catalunya 2026,KNOCKOUT,,catalunya,catalunya-6,RACE,CLOCKWISE,4.657,14,66,307.236,,,False,False,,,2026-06-12,11:30,2026-06-12,15:00,2026-06-13,10:30,,,,,,,2026-06-13,14:00,,,,,,,,,,
1157,2026,8,2026-06-28,13:00,austria,Formula 1 Lenovo Austrian Grand Prix 2026,KNOCKOUT,,spielberg,spielberg-3,RACE,CLOCKWISE,4.326,10,71,307.018,,,False,False,,,2026-06-26,11:30,2026-06-26,15:00,2026-06-27,10:30,,,,,,,2026-06-27,14:00,,,,,,,,,,
1158,2026,9,2026-07-05,14:00,great-britain,Formula 1 Pirelli British Grand Prix 2026,KNOCKOUT,SPRINT_SHOOTOUT,silverstone,silverstone-8,RACE,CLOCKWISE,5.891,18,52,306.198,,,False,False,,,2026-07-03,11:30,,,,,,,,,,,2026-07-04,15:00,2026-07-03,15:30,2026-07-04,11:00,17.0,100.013,,,,
1159,2026,10,2026-07-19,13:00,belgium,Formula 1 Moët & Chandon Belgian Grand Prix 2026,KNOCKOUT,,spa-francorchamps,spa-francorchamps-4,RACE,CLOCKWISE,7.004,19,44,308.052,,,False,False,,,2026-07-17,11:30,2026-07-17,15:00,2026-07-18,10:30,,,,,,,2026-07-18,14:00,,,,,,,,,,
1160,2026,11,2026-07-26,13:00,hungary,Formula 1 AWS Hungarian Grand Prix 2026,KNOCKOUT,,hungaroring,hungaroring-3,RACE,CLOCKWISE,4.381,14,70,306.63,,,False,False,,,2026-07-24,11:30,2026-07-24,15:00,2026-07-25,10:30,,,,,,,2026-07-25,14:00,,,,,,,,,,
1161,2026,12,2026-08-23,13:00,netherlands,Formula 1 Heineken Dutch Grand Prix 2026,KNOCKOUT,SPRINT_SHOOTOUT,zandvoort,zandvoort-5,RACE,CLOCKWISE,4.259,14,72,306.587,,,False,False,,,2026-08-21,10:30,,,,,,,,,,,2026-08-22,14:00,2026-08-21,14:30,2026-08-22,10:00,24.0,102.155,,,,
1162,2026,13,2026-09-06,13:00,italy,Formula 1 Pirelli Gran Premio d'Italia 2026,KNOCKOUT,,monza,monza-7,RACE,CLOCKWISE,5.793,11,53,306.72,,,False,False,,,2026-09-04,10:30,2026-09-04,14:00,2026-09-05,10:30,,,,,,,2026-09-05,14:00,,,,,,,,,,
1163,2026,14,2026-09-13,13:00,spain,Formula 1 TAG Heuer Gran Premio de España 2026,KNOCKOUT,,madring,madring-1,STREET,CLOCKWISE,5.416,22,57,308.524,,,False,False,,,2026-09-11,11:30,2026-09-11,15:00,2026-09-12,10:30,,,,,,,2026-09-12,14:00,,,,,,,,,,
1164,2026,15,2026-09-26,11:00,azerbaijan,Formula 1 Qatar Airways Azerbaijan Grand Prix 2026,KNOCKOUT,,baku,baku-1,STREET,ANTI_CLOCKWISE,6.003,20,51,306.049,,,False,False,,,2026-09-24,08:30,2026-09-24,12:00,2026-09-25,08:30,,,,,,,2026-09-25,12:00,,,,,,,,,,
1165,2026,16,2026-10-04,07:00,bahrain,Formula 1 Gulf Air Bahrain Grand Prix in Malaysia 2026,KNOCKOUT,,sepang,sepang-1,RACE,CLOCKWISE,5.543,15,56,310.408,,,False,False,,,2026-10-02,04:30,2026-10-02,08:00,2026-10-03,04:30,,,,,,,2026-10-03,08:00,,,,,,,,,,
1166,2026,17,2026-10-11,12:00,singapore,Formula 1 Singapore Airlines Singapore Grand Prix 2026,KNOCKOUT,SPRINT_SHOOTOUT,marina-bay,marina-bay-4,STREET,ANTI_CLOCKWISE,4.927,19,62,305.337,,,False,False,,,2026-10-09,09:30,,,,,,,,,,,2026-10-10,13:00,2026-10-09,12:30,2026-10-10,09:00,21.0,103.33,,,,
1167,2026,18,2026-10-25,20:00,united-states,Formula 1 MSC Cruises United States Grand Prix 2026,KNOCKOUT,,austin,austin-1,RACE,ANTI_CLOCKWISE,5.513,20,56,308.405,,,False,False,,,2026-10-23,17:30,2026-10-23,21:00,2026-10-24,17:30,,,,,,,2026-10-24,21:00,,,,,,,,,,
1168,2026,19,2026-11-01,20:00,mexico,Formula 1 Gran Premio de la Ciudad de México 2026,KNOCKOUT,,mexico-city,mexico-city-3,RACE,CLOCKWISE,4.304,17,71,305.354,,,False,False,,,2026-10-30,18:30,2026-10-30,22:00,2026-10-31,17:30,,,,,,,2026-10-31,21:00,,,,,,,,,,
1169,2026,20,2026-11-08,17:00,sao-paulo,Formula 1 MSC Cruises Grande Prêmio de São Paulo 2026,KNOCKOUT,,interlagos,interlagos-2,RACE,ANTI_CLOCKWISE,4.309,15,71,305.879,,,False,False,,,2026-11-06,15:30,2026-11-06,19:00,2026-11-07,14:30,,,,,,,2026-11-07,18:00,,,,,,,,,,
1170,2026,21,2026-11-22,04:00,las-vegas,Formula 1 Heineken Las Vegas Grand Prix 2026,KNOCKOUT,,las-vegas,las-vegas-1,STREET,ANTI_CLOCKWISE,6.201,17,50,309.958,,,False,False,,,2026-11-20,00:30,2026-11-20,04:00,2026-11-21,00:30,,,,,,,2026-11-21,04:00,,,,,,,,,,
1171,2026,22,2026-11-29,16:00,qatar,Formula 1 Qatar Airways Qatar Grand Prix 2026,KNOCKOUT,,lusail,lusail-1,RACE,CLOCKWISE,5.419,16,57,308.611,,,False,False,,,2026-11-27,13:30,2026-11-27,17:00,2026-11-28,14:30,,,,,,,2026-11-28,18:00,,,,,,,,,,
1172,2026,23,2026-12-06,13:00,abu-dhabi,Formula 1 Etihad Airways Abu Dhabi Grand Prix 2026,KNOCKOUT,,yas-marina,yas-marina-2,RACE,ANTI_CLOCKWISE,5.281,16,58,306.183,,,False,False,,,2026-12-04,09:30,2026-12-04,13:00,2026-12-05,10:30,,,,,,,2026-12-05,14:00,,,,,,,,,,
